{
  "unversionedId": "tutorial-extras/manage-docs-versions",
  "id": "tutorial-extras/manage-docs-versions",
  "title": "Manage Docs Versions",
  "description": "Docusaurus can manage multiple versions of your docs.",
  "source": "@site/docs/tutorial-extras/manage-docs-versions.md",
  "sourceDirName": "tutorial-extras",
  "slug": "/tutorial-extras/manage-docs-versions",
  "permalink": "/docs/tutorial-extras/manage-docs-versions",
  "draft": false,
  "editUrl": "https://github.com/facebook/docusaurus/tree/main/packages/create-docusaurus/templates/shared/docs/tutorial-extras/manage-docs-versions.md",
  "tags": [],
  "version": "current",
  "sidebarPosition": 1,
  "frontMatter": {
    "sidebar_position": 1
  },
  "sidebar": "tutorialSidebar",
  "previous": {
    "title": "Miser Desktop",
    "permalink": "/docs/category/miser-desktop"
  },
  "next": {
    "title": "Translate your site",
    "permalink": "/docs/tutorial-extras/translate-your-site"
  }
}