{
  "unversionedId": "tutorial-basics/congratulations",
  "id": "tutorial-basics/congratulations",
  "title": "Congratulations!",
  "description": "You have just learned the basics of Docusaurus and made some changes to the initial template.",
  "source": "@site/docs/tutorial-basics/congratulations.md",
  "sourceDirName": "tutorial-basics",
  "slug": "/tutorial-basics/congratulations",
  "permalink": "/docs/tutorial-basics/congratulations",
  "draft": false,
  "editUrl": "https://github.com/facebook/docusaurus/tree/main/packages/create-docusaurus/templates/shared/docs/tutorial-basics/congratulations.md",
  "tags": [],
  "version": "current",
  "sidebarPosition": 6,
  "frontMatter": {
    "sidebar_position": 6
  },
  "sidebar": "tutorialSidebar",
  "previous": {
    "title": "SmartWriter",
    "permalink": "/docs/tutorial-basics/deploy-your-site"
  },
  "next": {
    "title": "Miser Desktop",
    "permalink": "/docs/category/miser-desktop"
  }
}