{
  "docusaurus-plugin-content-docs": {
    "default": {
      "loadedVersions": [
        {
          "versionName": "current",
          "label": "Next",
          "banner": null,
          "badge": false,
          "noIndex": false,
          "className": "docs-version-current",
          "path": "/docs",
          "tagsPath": "/docs/tags",
          "editUrl": "https://github.com/facebook/docusaurus/tree/main/packages/create-docusaurus/templates/shared/docs",
          "editUrlLocalized": "https://github.com/facebook/docusaurus/tree/main/packages/create-docusaurus/templates/shared/i18n/en/docusaurus-plugin-content-docs/current",
          "isLast": true,
          "routePriority": -1,
          "sidebarFilePath": "C:\\Repos\\my-website\\sidebars.js",
          "contentPath": "C:\\Repos\\my-website\\docs",
          "contentPathLocalized": "C:\\Repos\\my-website\\i18n\\en\\docusaurus-plugin-content-docs\\current",
          "docs": [
            {
              "unversionedId": "intro",
              "id": "intro",
              "title": "Tech Stack",
              "description": "What Is A Tech Stack Guide?",
              "source": "@site/docs/intro.md",
              "sourceDirName": ".",
              "slug": "/intro",
              "permalink": "/docs/intro",
              "draft": false,
              "editUrl": "https://github.com/facebook/docusaurus/tree/main/packages/create-docusaurus/templates/shared/docs/intro.md",
              "tags": [],
              "version": "current",
              "sidebarPosition": 1,
              "frontMatter": {
                "sidebar_position": 1
              },
              "sidebar": "tutorialSidebar",
              "next": {
                "title": "Applications",
                "permalink": "/docs/category/applications"
              }
            },
            {
              "unversionedId": "intro copy",
              "id": "intro copy",
              "title": "Tech Stack 1",
              "description": "What Is A Tech Stack Guide?",
              "source": "@site/docs/intro copy.md",
              "sourceDirName": ".",
              "slug": "/intro copy",
              "permalink": "/docs/intro copy",
              "draft": false,
              "editUrl": "https://github.com/facebook/docusaurus/tree/main/packages/create-docusaurus/templates/shared/docs/intro copy.md",
              "tags": [],
              "version": "current",
              "sidebarPosition": 5,
              "frontMatter": {
                "sidebar_position": 5
              },
              "sidebar": "tutorialSidebar",
              "previous": {
                "title": "Translate your site",
                "permalink": "/docs/tutorial-extras/translate-your-site"
              }
            },
            {
              "unversionedId": "tutorial-basics/congratulations",
              "id": "tutorial-basics/congratulations",
              "title": "Congratulations!",
              "description": "You have just learned the basics of Docusaurus and made some changes to the initial template.",
              "source": "@site/docs/tutorial-basics/congratulations.md",
              "sourceDirName": "tutorial-basics",
              "slug": "/tutorial-basics/congratulations",
              "permalink": "/docs/tutorial-basics/congratulations",
              "draft": false,
              "editUrl": "https://github.com/facebook/docusaurus/tree/main/packages/create-docusaurus/templates/shared/docs/tutorial-basics/congratulations.md",
              "tags": [],
              "version": "current",
              "sidebarPosition": 6,
              "frontMatter": {
                "sidebar_position": 6
              },
              "sidebar": "tutorialSidebar",
              "previous": {
                "title": "SmartWriter",
                "permalink": "/docs/tutorial-basics/deploy-your-site"
              },
              "next": {
                "title": "Miser Desktop",
                "permalink": "/docs/category/miser-desktop"
              }
            },
            {
              "unversionedId": "tutorial-basics/create-a-blog-post",
              "id": "tutorial-basics/create-a-blog-post",
              "title": "Cardwizard",
              "description": "Docusaurus creates a page for each blog post, but also a blog index page, a tag system, an RSS feed...",
              "source": "@site/docs/tutorial-basics/create-a-blog-post.md",
              "sourceDirName": "tutorial-basics",
              "slug": "/tutorial-basics/create-a-blog-post",
              "permalink": "/docs/tutorial-basics/create-a-blog-post",
              "draft": false,
              "editUrl": "https://github.com/facebook/docusaurus/tree/main/packages/create-docusaurus/templates/shared/docs/tutorial-basics/create-a-blog-post.md",
              "tags": [],
              "version": "current",
              "sidebarPosition": 3,
              "frontMatter": {
                "sidebar_position": 3
              },
              "sidebar": "tutorialSidebar",
              "previous": {
                "title": "Application Xtender",
                "permalink": "/docs/tutorial-basics/create-a-document"
              },
              "next": {
                "title": "Miser Desktop",
                "permalink": "/docs/tutorial-basics/markdown-features"
              }
            },
            {
              "unversionedId": "tutorial-basics/create-a-document",
              "id": "tutorial-basics/create-a-document",
              "title": "Application Xtender",
              "description": "Documents are groups of pages connected through:",
              "source": "@site/docs/tutorial-basics/create-a-document.md",
              "sourceDirName": "tutorial-basics",
              "slug": "/tutorial-basics/create-a-document",
              "permalink": "/docs/tutorial-basics/create-a-document",
              "draft": false,
              "editUrl": "https://github.com/facebook/docusaurus/tree/main/packages/create-docusaurus/templates/shared/docs/tutorial-basics/create-a-document.md",
              "tags": [],
              "version": "current",
              "sidebarPosition": 2,
              "frontMatter": {
                "sidebar_position": 2
              },
              "sidebar": "tutorialSidebar",
              "previous": {
                "title": "All Applications",
                "permalink": "/docs/tutorial-basics/create-a-page"
              },
              "next": {
                "title": "Cardwizard",
                "permalink": "/docs/tutorial-basics/create-a-blog-post"
              }
            },
            {
              "unversionedId": "tutorial-basics/create-a-page",
              "id": "tutorial-basics/create-a-page",
              "title": "All Applications",
              "description": "Add Markdown or React files to src/pages to create a standalone page:",
              "source": "@site/docs/tutorial-basics/create-a-page.md",
              "sourceDirName": "tutorial-basics",
              "slug": "/tutorial-basics/create-a-page",
              "permalink": "/docs/tutorial-basics/create-a-page",
              "draft": false,
              "editUrl": "https://github.com/facebook/docusaurus/tree/main/packages/create-docusaurus/templates/shared/docs/tutorial-basics/create-a-page.md",
              "tags": [],
              "version": "current",
              "sidebarPosition": 1,
              "frontMatter": {
                "sidebar_position": 1
              },
              "sidebar": "tutorialSidebar",
              "previous": {
                "title": "Applications",
                "permalink": "/docs/category/applications"
              },
              "next": {
                "title": "Application Xtender",
                "permalink": "/docs/tutorial-basics/create-a-document"
              }
            },
            {
              "unversionedId": "tutorial-basics/deploy-your-site",
              "id": "tutorial-basics/deploy-your-site",
              "title": "SmartWriter",
              "description": "Docusaurus is a static-site-generator (also called Jamstack).",
              "source": "@site/docs/tutorial-basics/deploy-your-site.md",
              "sourceDirName": "tutorial-basics",
              "slug": "/tutorial-basics/deploy-your-site",
              "permalink": "/docs/tutorial-basics/deploy-your-site",
              "draft": false,
              "editUrl": "https://github.com/facebook/docusaurus/tree/main/packages/create-docusaurus/templates/shared/docs/tutorial-basics/deploy-your-site.md",
              "tags": [],
              "version": "current",
              "sidebarPosition": 5,
              "frontMatter": {
                "sidebar_position": 5
              },
              "sidebar": "tutorialSidebar",
              "previous": {
                "title": "Miser Desktop",
                "permalink": "/docs/tutorial-basics/markdown-features"
              },
              "next": {
                "title": "Congratulations!",
                "permalink": "/docs/tutorial-basics/congratulations"
              }
            },
            {
              "unversionedId": "tutorial-basics/markdown-features",
              "id": "tutorial-basics/markdown-features",
              "title": "Miser Desktop",
              "description": "Docusaurus supports Markdown and a few additional features.",
              "source": "@site/docs/tutorial-basics/markdown-features.mdx",
              "sourceDirName": "tutorial-basics",
              "slug": "/tutorial-basics/markdown-features",
              "permalink": "/docs/tutorial-basics/markdown-features",
              "draft": false,
              "editUrl": "https://github.com/facebook/docusaurus/tree/main/packages/create-docusaurus/templates/shared/docs/tutorial-basics/markdown-features.mdx",
              "tags": [],
              "version": "current",
              "sidebarPosition": 4,
              "frontMatter": {
                "sidebar_position": 4
              },
              "sidebar": "tutorialSidebar",
              "previous": {
                "title": "Cardwizard",
                "permalink": "/docs/tutorial-basics/create-a-blog-post"
              },
              "next": {
                "title": "SmartWriter",
                "permalink": "/docs/tutorial-basics/deploy-your-site"
              }
            },
            {
              "unversionedId": "tutorial-extras/manage-docs-versions",
              "id": "tutorial-extras/manage-docs-versions",
              "title": "Manage Docs Versions",
              "description": "Docusaurus can manage multiple versions of your docs.",
              "source": "@site/docs/tutorial-extras/manage-docs-versions.md",
              "sourceDirName": "tutorial-extras",
              "slug": "/tutorial-extras/manage-docs-versions",
              "permalink": "/docs/tutorial-extras/manage-docs-versions",
              "draft": false,
              "editUrl": "https://github.com/facebook/docusaurus/tree/main/packages/create-docusaurus/templates/shared/docs/tutorial-extras/manage-docs-versions.md",
              "tags": [],
              "version": "current",
              "sidebarPosition": 1,
              "frontMatter": {
                "sidebar_position": 1
              },
              "sidebar": "tutorialSidebar",
              "previous": {
                "title": "Miser Desktop",
                "permalink": "/docs/category/miser-desktop"
              },
              "next": {
                "title": "Translate your site",
                "permalink": "/docs/tutorial-extras/translate-your-site"
              }
            },
            {
              "unversionedId": "tutorial-extras/translate-your-site",
              "id": "tutorial-extras/translate-your-site",
              "title": "Translate your site",
              "description": "Let's translate docs/intro.md to French.",
              "source": "@site/docs/tutorial-extras/translate-your-site.md",
              "sourceDirName": "tutorial-extras",
              "slug": "/tutorial-extras/translate-your-site",
              "permalink": "/docs/tutorial-extras/translate-your-site",
              "draft": false,
              "editUrl": "https://github.com/facebook/docusaurus/tree/main/packages/create-docusaurus/templates/shared/docs/tutorial-extras/translate-your-site.md",
              "tags": [],
              "version": "current",
              "sidebarPosition": 2,
              "frontMatter": {
                "sidebar_position": 2
              },
              "sidebar": "tutorialSidebar",
              "previous": {
                "title": "Manage Docs Versions",
                "permalink": "/docs/tutorial-extras/manage-docs-versions"
              },
              "next": {
                "title": "Tech Stack 1",
                "permalink": "/docs/intro copy"
              }
            }
          ],
          "drafts": [],
          "sidebars": {
            "tutorialSidebar": [
              {
                "type": "doc",
                "id": "intro"
              },
              {
                "type": "category",
                "label": "Applications",
                "collapsible": true,
                "collapsed": true,
                "items": [
                  {
                    "type": "doc",
                    "id": "tutorial-basics/create-a-page"
                  },
                  {
                    "type": "doc",
                    "id": "tutorial-basics/create-a-document"
                  },
                  {
                    "type": "doc",
                    "id": "tutorial-basics/create-a-blog-post"
                  },
                  {
                    "type": "doc",
                    "id": "tutorial-basics/markdown-features"
                  },
                  {
                    "type": "doc",
                    "id": "tutorial-basics/deploy-your-site"
                  },
                  {
                    "type": "doc",
                    "id": "tutorial-basics/congratulations"
                  }
                ],
                "link": {
                  "type": "generated-index",
                  "description": "5 minutes to learn the most important Docusaurus concepts.",
                  "slug": "/category/applications",
                  "permalink": "/docs/category/applications"
                }
              },
              {
                "type": "category",
                "label": "Miser Desktop",
                "collapsible": true,
                "collapsed": true,
                "items": [
                  {
                    "type": "doc",
                    "id": "tutorial-extras/manage-docs-versions"
                  },
                  {
                    "type": "doc",
                    "id": "tutorial-extras/translate-your-site"
                  }
                ],
                "link": {
                  "type": "generated-index",
                  "slug": "/category/miser-desktop",
                  "permalink": "/docs/category/miser-desktop"
                }
              },
              {
                "type": "doc",
                "id": "intro copy"
              }
            ]
          }
        }
      ]
    }
  },
  "docusaurus-plugin-content-blog": {
    "default": {
      "blogSidebarTitle": "Recent posts",
      "blogPosts": [
        {
          "id": "welcome",
          "metadata": {
            "permalink": "/blog/welcome",
            "editUrl": "https://github.com/facebook/docusaurus/tree/main/packages/create-docusaurus/templates/shared/blog/2021-08-26-welcome/index.md",
            "source": "@site/blog/2021-08-26-welcome/index.md",
            "title": "Welcome",
            "description": "Docusaurus blogging features are powered by the blog plugin.",
            "date": "2021-08-26T00:00:00.000Z",
            "formattedDate": "August 26, 2021",
            "tags": [
              {
                "label": "facebook",
                "permalink": "/blog/tags/facebook"
              },
              {
                "label": "hello",
                "permalink": "/blog/tags/hello"
              },
              {
                "label": "docusaurus",
                "permalink": "/blog/tags/docusaurus"
              }
            ],
            "readingTime": 0.405,
            "hasTruncateMarker": false,
            "authors": [
              {
                "name": "Sébastien Lorber",
                "title": "Docusaurus maintainer",
                "url": "https://sebastienlorber.com",
                "imageURL": "https://github.com/slorber.png",
                "key": "slorber"
              },
              {
                "name": "Yangshun Tay",
                "title": "Front End Engineer @ Facebook",
                "url": "https://github.com/yangshun",
                "imageURL": "https://github.com/yangshun.png",
                "key": "yangshun"
              }
            ],
            "frontMatter": {
              "slug": "welcome",
              "title": "Welcome",
              "authors": [
                "slorber",
                "yangshun"
              ],
              "tags": [
                "facebook",
                "hello",
                "docusaurus"
              ]
            },
            "nextItem": {
              "title": "MDX Blog Post",
              "permalink": "/blog/mdx-blog-post"
            }
          },
          "content": "[Docusaurus blogging features](https://docusaurus.io/docs/blog) are powered by the [blog plugin](https://docusaurus.io/docs/api/plugins/@docusaurus/plugin-content-blog).\n\nSimply add Markdown files (or folders) to the `blog` directory.\n\nRegular blog authors can be added to `authors.yml`.\n\nThe blog post date can be extracted from filenames, such as:\n\n- `2019-05-30-welcome.md`\n- `2019-05-30-welcome/index.md`\n\nA blog post folder can be convenient to co-locate blog post images:\n\n![Docusaurus Plushie](./docusaurus-plushie-banner.jpeg)\n\nThe blog supports tags as well!\n\n**And if you don't want a blog**: just delete this directory, and use `blog: false` in your Docusaurus config."
        },
        {
          "id": "mdx-blog-post",
          "metadata": {
            "permalink": "/blog/mdx-blog-post",
            "editUrl": "https://github.com/facebook/docusaurus/tree/main/packages/create-docusaurus/templates/shared/blog/2021-08-01-mdx-blog-post.mdx",
            "source": "@site/blog/2021-08-01-mdx-blog-post.mdx",
            "title": "MDX Blog Post",
            "description": "Blog posts support Docusaurus Markdown features, such as MDX.",
            "date": "2021-08-01T00:00:00.000Z",
            "formattedDate": "August 1, 2021",
            "tags": [
              {
                "label": "docusaurus",
                "permalink": "/blog/tags/docusaurus"
              }
            ],
            "readingTime": 0.175,
            "hasTruncateMarker": false,
            "authors": [
              {
                "name": "Sébastien Lorber",
                "title": "Docusaurus maintainer",
                "url": "https://sebastienlorber.com",
                "imageURL": "https://github.com/slorber.png",
                "key": "slorber"
              }
            ],
            "frontMatter": {
              "slug": "mdx-blog-post",
              "title": "MDX Blog Post",
              "authors": [
                "slorber"
              ],
              "tags": [
                "docusaurus"
              ]
            },
            "prevItem": {
              "title": "Welcome",
              "permalink": "/blog/welcome"
            },
            "nextItem": {
              "title": "Long Blog Post",
              "permalink": "/blog/long-blog-post"
            }
          },
          "content": "Blog posts support [Docusaurus Markdown features](https://docusaurus.io/docs/markdown-features), such as [MDX](https://mdxjs.com/).\n\n:::tip\n\nUse the power of React to create interactive blog posts.\n\n```js\n<button onClick={() => alert('button clicked!')}>Click me!</button>\n```\n\n<button onClick={() => alert('button clicked!')}>Click me!</button>\n\n:::"
        },
        {
          "id": "long-blog-post",
          "metadata": {
            "permalink": "/blog/long-blog-post",
            "editUrl": "https://github.com/facebook/docusaurus/tree/main/packages/create-docusaurus/templates/shared/blog/2019-05-29-long-blog-post.md",
            "source": "@site/blog/2019-05-29-long-blog-post.md",
            "title": "Long Blog Post",
            "description": "This is the summary of a very long blog post,",
            "date": "2019-05-29T00:00:00.000Z",
            "formattedDate": "May 29, 2019",
            "tags": [
              {
                "label": "hello",
                "permalink": "/blog/tags/hello"
              },
              {
                "label": "docusaurus",
                "permalink": "/blog/tags/docusaurus"
              }
            ],
            "readingTime": 2.05,
            "hasTruncateMarker": true,
            "authors": [
              {
                "name": "Endilie Yacop Sucipto",
                "title": "Maintainer of Docusaurus",
                "url": "https://github.com/endiliey",
                "imageURL": "https://github.com/endiliey.png",
                "key": "endi"
              }
            ],
            "frontMatter": {
              "slug": "long-blog-post",
              "title": "Long Blog Post",
              "authors": "endi",
              "tags": [
                "hello",
                "docusaurus"
              ]
            },
            "prevItem": {
              "title": "MDX Blog Post",
              "permalink": "/blog/mdx-blog-post"
            },
            "nextItem": {
              "title": "First Blog Post",
              "permalink": "/blog/first-blog-post"
            }
          },
          "content": "This is the summary of a very long blog post,\n\nUse a `<!--` `truncate` `-->` comment to limit blog post size in the list view.\n\n<!--truncate-->\n\nLorem ipsum dolor sit amet, consectetur adipiscing elit. Pellentesque elementum dignissim ultricies. Fusce rhoncus ipsum tempor eros aliquam consequat. Lorem ipsum dolor sit amet\n\nLorem ipsum dolor sit amet, consectetur adipiscing elit. Pellentesque elementum dignissim ultricies. Fusce rhoncus ipsum tempor eros aliquam consequat. Lorem ipsum dolor sit amet\n\nLorem ipsum dolor sit amet, consectetur adipiscing elit. Pellentesque elementum dignissim ultricies. Fusce rhoncus ipsum tempor eros aliquam consequat. Lorem ipsum dolor sit amet\n\nLorem ipsum dolor sit amet, consectetur adipiscing elit. Pellentesque elementum dignissim ultricies. Fusce rhoncus ipsum tempor eros aliquam consequat. Lorem ipsum dolor sit amet\n\nLorem ipsum dolor sit amet, consectetur adipiscing elit. Pellentesque elementum dignissim ultricies. Fusce rhoncus ipsum tempor eros aliquam consequat. Lorem ipsum dolor sit amet\n\nLorem ipsum dolor sit amet, consectetur adipiscing elit. Pellentesque elementum dignissim ultricies. Fusce rhoncus ipsum tempor eros aliquam consequat. Lorem ipsum dolor sit amet\n\nLorem ipsum dolor sit amet, consectetur adipiscing elit. Pellentesque elementum dignissim ultricies. Fusce rhoncus ipsum tempor eros aliquam consequat. Lorem ipsum dolor sit amet\n\nLorem ipsum dolor sit amet, consectetur adipiscing elit. Pellentesque elementum dignissim ultricies. Fusce rhoncus ipsum tempor eros aliquam consequat. Lorem ipsum dolor sit amet\n\nLorem ipsum dolor sit amet, consectetur adipiscing elit. Pellentesque elementum dignissim ultricies. Fusce rhoncus ipsum tempor eros aliquam consequat. Lorem ipsum dolor sit amet\n\nLorem ipsum dolor sit amet, consectetur adipiscing elit. Pellentesque elementum dignissim ultricies. Fusce rhoncus ipsum tempor eros aliquam consequat. Lorem ipsum dolor sit amet\n\nLorem ipsum dolor sit amet, consectetur adipiscing elit. Pellentesque elementum dignissim ultricies. Fusce rhoncus ipsum tempor eros aliquam consequat. Lorem ipsum dolor sit amet\n\nLorem ipsum dolor sit amet, consectetur adipiscing elit. Pellentesque elementum dignissim ultricies. Fusce rhoncus ipsum tempor eros aliquam consequat. Lorem ipsum dolor sit amet\n\nLorem ipsum dolor sit amet, consectetur adipiscing elit. Pellentesque elementum dignissim ultricies. Fusce rhoncus ipsum tempor eros aliquam consequat. Lorem ipsum dolor sit amet\n\nLorem ipsum dolor sit amet, consectetur adipiscing elit. Pellentesque elementum dignissim ultricies. Fusce rhoncus ipsum tempor eros aliquam consequat. Lorem ipsum dolor sit amet\n\nLorem ipsum dolor sit amet, consectetur adipiscing elit. Pellentesque elementum dignissim ultricies. Fusce rhoncus ipsum tempor eros aliquam consequat. Lorem ipsum dolor sit amet\n\nLorem ipsum dolor sit amet, consectetur adipiscing elit. Pellentesque elementum dignissim ultricies. Fusce rhoncus ipsum tempor eros aliquam consequat. Lorem ipsum dolor sit amet"
        },
        {
          "id": "first-blog-post",
          "metadata": {
            "permalink": "/blog/first-blog-post",
            "editUrl": "https://github.com/facebook/docusaurus/tree/main/packages/create-docusaurus/templates/shared/blog/2019-05-28-first-blog-post.md",
            "source": "@site/blog/2019-05-28-first-blog-post.md",
            "title": "First Blog Post",
            "description": "Lorem ipsum dolor sit amet, consectetur adipiscing elit. Pellentesque elementum dignissim ultricies. Fusce rhoncus ipsum tempor eros aliquam consequat. Lorem ipsum dolor sit amet",
            "date": "2019-05-28T00:00:00.000Z",
            "formattedDate": "May 28, 2019",
            "tags": [
              {
                "label": "hola",
                "permalink": "/blog/tags/hola"
              },
              {
                "label": "docusaurus",
                "permalink": "/blog/tags/docusaurus"
              }
            ],
            "readingTime": 0.12,
            "hasTruncateMarker": false,
            "authors": [
              {
                "name": "Gao Wei",
                "title": "Docusaurus Core Team",
                "url": "https://github.com/wgao19",
                "image_url": "https://github.com/wgao19.png",
                "imageURL": "https://github.com/wgao19.png"
              }
            ],
            "frontMatter": {
              "slug": "first-blog-post",
              "title": "First Blog Post",
              "authors": {
                "name": "Gao Wei",
                "title": "Docusaurus Core Team",
                "url": "https://github.com/wgao19",
                "image_url": "https://github.com/wgao19.png",
                "imageURL": "https://github.com/wgao19.png"
              },
              "tags": [
                "hola",
                "docusaurus"
              ]
            },
            "prevItem": {
              "title": "Long Blog Post",
              "permalink": "/blog/long-blog-post"
            }
          },
          "content": "Lorem ipsum dolor sit amet, consectetur adipiscing elit. Pellentesque elementum dignissim ultricies. Fusce rhoncus ipsum tempor eros aliquam consequat. Lorem ipsum dolor sit amet"
        }
      ],
      "blogListPaginated": [
        {
          "items": [
            "welcome",
            "mdx-blog-post",
            "long-blog-post",
            "first-blog-post"
          ],
          "metadata": {
            "permalink": "/blog",
            "page": 1,
            "postsPerPage": 10,
            "totalPages": 1,
            "totalCount": 4,
            "blogDescription": "Blog",
            "blogTitle": "Blog"
          }
        }
      ],
      "blogTags": {
        "/blog/tags/facebook": {
          "label": "facebook",
          "items": [
            "welcome"
          ],
          "permalink": "/blog/tags/facebook",
          "pages": [
            {
              "items": [
                "welcome"
              ],
              "metadata": {
                "permalink": "/blog/tags/facebook",
                "page": 1,
                "postsPerPage": 10,
                "totalPages": 1,
                "totalCount": 1,
                "blogDescription": "Blog",
                "blogTitle": "Blog"
              }
            }
          ]
        },
        "/blog/tags/hello": {
          "label": "hello",
          "items": [
            "welcome",
            "long-blog-post"
          ],
          "permalink": "/blog/tags/hello",
          "pages": [
            {
              "items": [
                "welcome",
                "long-blog-post"
              ],
              "metadata": {
                "permalink": "/blog/tags/hello",
                "page": 1,
                "postsPerPage": 10,
                "totalPages": 1,
                "totalCount": 2,
                "blogDescription": "Blog",
                "blogTitle": "Blog"
              }
            }
          ]
        },
        "/blog/tags/docusaurus": {
          "label": "docusaurus",
          "items": [
            "welcome",
            "mdx-blog-post",
            "long-blog-post",
            "first-blog-post"
          ],
          "permalink": "/blog/tags/docusaurus",
          "pages": [
            {
              "items": [
                "welcome",
                "mdx-blog-post",
                "long-blog-post",
                "first-blog-post"
              ],
              "metadata": {
                "permalink": "/blog/tags/docusaurus",
                "page": 1,
                "postsPerPage": 10,
                "totalPages": 1,
                "totalCount": 4,
                "blogDescription": "Blog",
                "blogTitle": "Blog"
              }
            }
          ]
        },
        "/blog/tags/hola": {
          "label": "hola",
          "items": [
            "first-blog-post"
          ],
          "permalink": "/blog/tags/hola",
          "pages": [
            {
              "items": [
                "first-blog-post"
              ],
              "metadata": {
                "permalink": "/blog/tags/hola",
                "page": 1,
                "postsPerPage": 10,
                "totalPages": 1,
                "totalCount": 1,
                "blogDescription": "Blog",
                "blogTitle": "Blog"
              }
            }
          ]
        }
      },
      "blogTagsListPath": "/blog/tags"
    }
  },
  "docusaurus-plugin-content-pages": {
    "default": [
      {
        "type": "jsx",
        "permalink": "/",
        "source": "@site/src/pages/index.js"
      },
      {
        "type": "mdx",
        "permalink": "/markdown-page",
        "source": "@site/src/pages/markdown-page.md",
        "title": "Markdown page example",
        "description": "You don't need React to write simple standalone pages.",
        "frontMatter": {
          "title": "Markdown page example"
        }
      }
    ]
  },
  "docusaurus-plugin-debug": {},
  "docusaurus-theme-classic": {},
  "docusaurus-bootstrap-plugin": {},
  "docusaurus-mdx-fallback-plugin": {}
}